,name,id_region,kuerzel
0,Stoke-on-Trent,82600080,UKG23
1,Isle of Wight,82600179,UKJ34
2,South Ayrshire,82600023,UKM94
3,Haute-Saône,25000041,FRC23
4,Cardiff and Vale of Glamorgan,82600125,UKL22
5,Territoire de Belfort,25000042,FRC24
6,Prato,38000051,ITI15
7,Zamora,72400015,ES419
8,Maramureş,64200004,RO114
9,Plymouth,82600177,UKK41
10,Derry City and Strabane,82600024,UKN0A
11,Mid and East Antrim,82600025,UKN0F
12,Valladolid,72400016,ES418
13,Southend-on-Sea,82600145,UKH31
14,West Sussex (South West),82600171,UKJ27
15,Durham CC,82600039,UKC14
16,Huesca,72400017,ES241
17,Harrow and Hillingdon,82600132,UKI74
18,Bratislavský kraj,70300007,SK010
19,Katowicki,61600063,PL22A
20,Jugovzhodna Slovenija,70500010,SI037
21,Greater Manchester South West,82600064,UKD34
22,Het Gooi en Vechtstreek,52800019,NL327
23,Indre-et-Loire,25000043,FRB04
24,Belfast,82600031,UKN06
25,Miasto Poznań,61600031,PL415
26,Primorsko-notranjska,70500011,SI038
27,Malta,47000002,MT001
28,Zuidoost-Zuid-Holland,52800029,NL33A
29,Soria,72400019,ES417
30,Calderdale and Kirklees,82600055,UKE44
31,Trenčiansky kraj,70300004,SK022
32,Lleida,72400018,ES513
33,Girona,72400020,ES512
34,Côte-d’Or,25000044,FRC11
35,Agglomeratie Leiden en Bollenstreek,52800021,NL337
36,Guadeloupe,25000045,FRY10
37,Troms og Finnmark,57800003,NO074
38,West Sussex (North East),82600169,UKJ28
39,Blekinge län,75200020,SE221
40,Greater Manchester South East,82600069,UKD35
41,Cher,25000046,FRB01
42,Liechtenstein,43800001,LI000
43,Konya,79200068,TR521
44,Vendée,25000048,FRG05
45,Medway,82600156,UKJ41
46,Zuidoost-Friesland,52800005,NL126
47,Barking & Dagenham and Havering,82600139,UKI52
48,Central Valleys,82600116,UKL15
49,South Teesside,82600043,UKC12
50,Doubs,25000049,FRC21
51,Nièvre,25000047,FRC12
52,Zuidwest-Overijssel,52800018,NL212
53,Indre,25000050,FRB03
54,Deux-Sèvres,25000051,FRI33
55,Graz,4000026,AT221
56,Jura,25000053,FRC22
57,South and West Derbyshire,82600079,UKF13
58,Monza e della Brianza,38000018,ITC4D
59,Gwynedd,82600078,UKL12
60,Saône-et-Loire,25000054,FRC13
61,Garmisch-Partenkirchen,27600401,DE21D
62,Rize,79200005,TR904
63,Allier,25000055,FRK11
64,Arr. Liège,5600029,BE332
65,Elbasan,800007,AL021
66,Arr. Mons,5600030,BE323
67,Creuse,25000056,FRI22
68,Vienne,25000052,FRI34
69,Durrës,800005,AL012
70,Satu Mare,64200005,RO115
71,Sunderland,82600036,UKC23
72,Zaragoza,72400021,ES243
73,York,82600048,UKE21
74,Castellón/Castelló,72400032,ES522
75,Neamţ,64200006,RO214
76,"Bath and North East Somerset, North Somerset and South Gloucestershire",82600128,UKK12
77,Bistriţa-Năsăud,64200007,RO112
78,Mid Lancashire,82600047,UKD45
79,Südburgenland,4000022,AT113
80,West Surrey,82600159,UKJ25
81,Salamanca,72400023,ES415
82,Tyneside,82600034,UKC22
83,Nordland,57800004,NO071
84,Nottingham,82600082,UKF14
85,Peterborough,82600097,UKH11
86,"München, Kreisfreie Stadt",27600371,DE212
87,Oost-Groningen,52800004,NL111
88,West Essex,82600124,UKH35
89,Swindon,82600126,UKK14
90,"Bristol, City of",82600127,UKK11
91,Vaslui,64200008,RO216
92,Barcelona,72400024,ES511
93,Østsjælland,20800007,DK021
94,Gorizia,38000009,ITH43
95,Çanakkale,79200059,TR222
96,Diyarbakır,79200040,TRC22
97,Amasya,79200019,TR834
98,Gwent Valleys,82600118,UKL16
99,Ávila,72400025,ES411
100,Guadalajara,72400026,ES424
101,Sălaj,64200009,RO116
102,Kars,79200003,TRA22
103,Bradford,82600049,UKE41
104,Glarus,75600016,CH051
105,Eskişehir,79200056,TR412
106,East Lancashire,82600050,UKD46
107,Tarragona,72400027,ES514
108,North and West Norfolk,82600092,UKH16
109,Bacău,64200010,RO211
110,Trabzon,79200006,TR901
111,"Merton, Kingston upon Thames and Sutton",82600153,UKI63
112,Batman,79200035,TRC32
113,İstanbul,79200038,TR100 
114,Zuidwest-Friesland,52800007,NL125
115,Bartın,79200018,TR813
116,Adana,79200067,TR621
117,Madrid,72400028,ES300
118,Şırnak,79200036,TRC33
119,Dudley,82600094,UKG36
120,Harghita,64200011,RO124
121,Sandwell,82600093,UKG37
122,Delft en Westland,52800026,NL333
123,Zollernalbkreis,27600365,DE143
124,Staffordshire CC,82600084,UKG24
125,Yalova,79200047,TR425
126,Mersin,79200076,TR622
127,Bitlis,79200021,TRB23
128,Blackburn with Darwen,82600052,UKD41
129,South Nottinghamshire,82600085,UKF16
130,Cambridgeshire CC,82600107,UKH12
131,Kocaeli,79200042,TR421
132,Edirne,79200044,TR212
133,Giresun,79200012,TR903
134,Zaanstreek,52800015,NL325
135,Lincolnshire,82600081,UKF30
136,Van,79200016,TRB21
137,Arr. Oostende,5600004,BE255
138,Swansea,82600112,UKL18
139,Arr. Ieper,5600015,BE253
140,Kirde-Eesti,23300001,EE00A
141,Alkmaar en omgeving,52800011,NL328
142,Arr. Gent,5600009,BE234
143,Arr. Maaseik,5600010,BE225
144,West Northamptonshire,82600108,UKF24
145,Afyonkarahisar,79200066,TR332
146,Gloucestershire,82600114,UKK13
147,Lungau,4000028,AT321
148,Monmouthshire and Newport,82600115,UKL21
149,Teruel,72400029,ES242
150,Cornwall and Isles of Scilly,82600172,UKK30
151,Toledo,72400031,ES425
152,Tokat,79200022,TR832
153,Kukës,800001,AL013
154,Shkodër,800002,AL015
155,Nevşehir,79200055,TR714
156,Cáceres,72400030,ES432
157,Lezhë,800003,AL014
158,Arr. de Bruxelles-Capitale/Arr. Brussel-Hoofdstad,5600022,BE100
159,Fier,800008,AL032
160,Steyr-Kirchdorf,4000013,AT314
161,Mittelburgenland,4000016,AT111
162,Arr. Hasselt,5600016,BE224
163,Arr. Aalst,5600017,BE231
164,Arr. Kortrijk,5600018,BE254
165,Arr. Leuven,5600020,BE242
166,Wiltshire CC,82600147,UKK15
167,Oxfordshire,82600120,UKJ14
168,Thurrock,82600148,UKH32
169,West- und Südsteiermark,4000031,AT225
170,Charente-Maritime,25000057,FRI32
171,Bezirk Verviers — Deutschsprachige Gemeinschaft,5600036,BE336
172,Cluj,64200012,RO113
173,Uri,75600020,CH062
174,София (столица),10000020,BG411
175,Kent Thames Gateway,82600160,UKJ43
176,Haute-Vienne,25000058,FRI23
177,Dithmarschen,27600010,DEF05
178,Ain,25000059,FRK21
179,Ловеч,10000014,BG315
180,Noord-Overijssel,52800012,NL211
181,Buckinghamshire CC,82600121,UKJ13
182,"Potsdam, Kreisfreie Stadt",27600066,DE404
183,Arr. Thuin,5600038,BE32D
184,Кърджали,10000026,BG425
185,Thurgau,75600003,CH057
186,Somerset,82600154,UKK23
187,Arr. Philippeville,5600039,BE353
188,Смолян,10000027,BG424
189,Ludwigsburg,27600321,DE115
190,Luzern,75600013,CH061
191,Schwyz,75600014,CH063
192,Fribourg / Freiburg,75600021,CH022
193,Hertfordshire,82600122,UKH23
194,Arr. Virton,5600044,BE345
195,Tiranë,800006,AL022
196,Miasto Łódź,61600038,PL711
197,Arr. Ath,5600025,BE32A
198,Genève,75600025,CH013
199,Ústecký kraj,20300002,CZ042
200,Charente,25000060,FRI31
201,Hlavní město Praha,20300005,CZ010
202,Královéhradecký kraj,20300003,CZ052
203,Stade,27600024,DE939
204,Loire,25000064,FRK25
205,Campobasso,38000072,ITF22
206,Martinique ,25000065,FRY20
207,Rendsburg-Eckernförde,27600006,DEF0B
208,Pyrénées-Orientales,25000096,FRJ15
209,Segeberg,27600014,DEF0D
210,East Surrey,82600161,UKJ26
211,Luton,82600119,UKH21
212,Marburg-Biedenkopf,27600185,DE724
213,Redbridge and Waltham Forest,82600134,UKI53
214,"Lüneburg, Landkreis",27600040,DE935
215,Corrèze,25000066,FRI21
216,Prignitz,27600043,DE40F
217,"Delmenhorst, Kreisfreie Stadt",27600044,DE941
218,Oberhavel,27600050,DE40A
219,Heart of Essex,82600130,UKH36
220,Puy-de-Dôme,25000063,FRK14
221,Barnim,27600053,DE405
222,Ostprignitz-Ruppin,27600046,DE40D
223,Lindau (Bodensee),27600399,DE27A
224,"Osnabrück, Landkreis",27600071,DE94E
225,"Oberhausen, Kreisfreie Stadt",27600122,DEA17
226,Wunsiedel i. Fichtelgebirge,27600231,DE24D
227,Kensington & Chelsea and Hammersmith & Fulham,82600144,UKI33
228,"Krefeld, Kreisfreie Stadt",27600134,DEA14
229,Gironde,25000069,FRI12
230,Isère,25000070,FRK24
231,Potsdam-Mittelmark,27600078,DE40E
232,Cantal,25000072,FRK12
233,Lot,25000073,FRJ25
234,Groot-Amsterdam,52800016,NL329
235,Ardèche,25000074,FRK22
236,Harz,27600105,DEE09
237,Lot-et-Garonne,25000075,FRI14
238,Twente,52800020,NL213
239,Drôme,25000076,FRK23
240,Hautes-Alpes ,25000077,FRL02
241,Lozère,25000078,FRJ14
242,Mansfeld-Südharz,27600123,DEE0A
243,Haute-Loire,25000071,FRK13
244,Aveyron,25000079,FRJ22
245,Dordogne,25000068,FRI11
246,Landes,25000080,FRI13
247,Göttingen,27600121,DE91C
248,Alpes-de-Haute-Provence,25000082,FRL01
249,Nordsachsen,27600125,DED53
250,Gard,25000083,FRJ12
251,Gers,25000084,FRJ24
252,Vaucluse,25000085,FRL06
253,Međimurska županija,19100001,HR061
254,Tarn,25000086,FRJ27
255,Alpes-Maritimes,25000087,FRL03
256,Varaždinska županija,19100002,HR062
257,"Mülheim an der Ruhr, Kreisfreie Stadt",27600131,DEA16
258,Pyrénées-Atlantiques,25000088,FRI15
259,Camden and City of London,82600136,UKI31
260,Görlitz,27600142,DED2D
261,Mayotte ,25000100,FRY50
262,Tarn-et-Garonne,25000081,FRJ28
263,Bouches-du-Rhône,25000091,FRL04
264,Hautes-Pyrénées ,25000092,FRJ26
265,Var,25000093,FRL05
266,"Offenbach am Main, Kreisfreie Stadt",27600232,DE713
267,Rhein-Hunsrück-Kreis,27600234,DEB1D
268,Hérault,25000089,FRJ13
269,Haute-Corse,25000097,FRM02
270,Mittelsachsen,27600167,DED43
271,Bihor,64200013,RO111
272,Mureş,64200014,RO125
273,Haute-Garonne,25000090,FRJ23
274,Vrancea,64200016,RO226
275,Chorley and West Lancashire,82600054,UKD47
276,Sächsische Schweiz-Osterzgebirge,27600172,DED2F
277,Aude,25000094,FRJ11
278,Galaţi,64200015,RO224
279,Alba,64200018,RO121
280,Cávado,62000003,PT112
281,Arad,64200019,RO421
282,Ariège,25000095,FRJ21
283,Szczecinecko-pyrzycki,61600016,PL427
284,Wartburgkreis,27600182,DEG0P
285,Bydgosko-toruński,61600019,PL613
286,Sefton,82600056,UKD73
287,Pilski,61600021,PL411
288,Guyane,25000099,FRY30
289,Zagrebačka županija,19100008,HR065
290,Ostrołęcki,61600017,PL924
291,Karlovačka županija,19100014,HR027
292,Veluwe,52800022,NL221
293,Sisačko-moslavačka županija,19100011,HR028
294,Ciechanowski,61600020,PL922
295,Istarska županija,19100016,HR036
296,Bari,38000080,ITF47
297,Vogtlandkreis,27600206,DED44
298,Primorsko-goranska županija,19100015,HR031
299,Splitsko-dalmatinska županija,19100020,HR035
300,Inowrocławski,61600022,PL617
301,Agglomeratie ’s-Gravenhage,52800023,NL332
302,Varese,38000012,ITC41
303,Hajdú-Bihar,34800005,HU321
304,Oost-Zuid-Holland,52800025,NL33B
305,Heves,34800004,HU312
306,"Hof, Landkreis",27600217,DE249
307,Vulkaneifel,27600218,DEB24
308,Győr-Moson-Sopron,34800007,HU221
309,Vas,34800013,HU222
310,Pest,34800009,HU120
311,Biella,38000019,ITC13
312,Bács-Kiskun,34800015,HU331
313,Włocławski,61600023,PL619
314,Nógrád,34800003,HU313
315,Cochem-Zell,27600224,DEB1C
316,Eifelkreis Bitburg-Prüm,27600227,DEB23
317,Muğla,79200081,TR323
318,Baranya,34800020,HU231
319,Somogy,34800019,HU232
320,North Hampshire,82600155,UKJ37
321,Bromley,82600157,UKI61
322,Płocki,61600024,PL923
323,Linz-Wels,4000006,AT312
324,Vlorë,800012,AL035
325,Wiener Umland/Südteil,4000009,AT127
326,Waldviertel,4000002,AT124
327,Essex Thames Gateway,82600141,UKH37
328,Mühlviertel,4000003,AT313
329,Außerfern,4000021,AT331
330,Wiener Umland/Nordteil,4000004,AT126
331,Wien,4000005,AT130
332,Sankt Pölten,4000007,AT123
333,Midland,37200003,IE063
334,Central Hampshire,82600164,UKJ36
335,Mostviertel-Eisenwurzen,4000010,AT121
336,Nordburgenland,4000011,AT112
337,Niederösterreich-Süd,4000012,AT122
338,Traunviertel,4000014,AT315
339,Innviertel,4000008,AT311
340,Salzburg und Umgebung,4000015,AT323
341,Östliche Obersteiermark,4000017,AT223
342,Liezen,4000018,AT222
343,Rheintal-Bodenseegebiet,4000020,AT342
344,Pinzgau-Pongau,4000023,AT322
345,Arr. Tongeren,5600023,BE223
346,Oststeiermark,4000024,AT224
347,Tiroler Unterland,4000019,AT335
348,Westliche Obersteiermark,4000025,AT226
349,Bludenz-Bregenzer Wald,4000029,AT341
350,Mid-East,37200004,IE062
351,"Chemnitz, Kreisfreie Stadt",27600184,DED41
352,Oberkärnten,4000034,AT212
353,Tiroler Oberland,4000030,AT334
354,Lecco,38000010,ITC43
355,Klagenfurt-Villach,4000035,AT211
356,Arr. Turnhout,5600005,BE213
357,Arr. Antwerpen,5600001,BE211
358,Trier-Saarburg,27600260,DEB25
359,Силистра,10000001,BG325
360,Osttirol,4000032,AT333
361,Добрич,10000002,BG332
362,Разград,10000003,BG324
363,Русе,10000004,BG323
364,Шумен,10000005,BG333
365,Arr. Halle-Vilvoorde,5600021,BE241
366,Варна,10000006,BG331
367,Unterkärnten,4000033,AT213
368,Arr. Nivelles,5600026,BE310
369,Ямбол,10000017,BG343
370,Видин,10000007,BG311
371,Main-Tauber-Kreis,27600273,DE11B
372,Clackmannanshire and Fife,82600010,UKM72
373,Aargau,75600005,CH033
374,Nürnberger Land,27600279,DE259
375,Стара Загора,10000018,BG344
376,Пловдив,10000022,BG421
377,Благоевград,10000028,BG413
378,Braşov,64200020,RO122
379,Appenzell Ausserrhoden,75600008,CH053
380,Solothurn,75600009,CH023
381,East Kent,82600166,UKJ44
382,Jura,75600007,CH025
383,St. Gallen,75600011,CH055
384,Regen,27600316,DE229
385,София,10000019,BG412
386,Greater Manchester North East,82600059,UKD37
387,Wakefield,82600058,UKE45
388,Перник,10000021,BG414
389,Sibiu,64200021,RO126
390,Vaud,75600023,CH011
391,Ticino,75600024,CH070
392,Mid-West ,37200006,IE051
393,Кюстендил,10000025,BG415
394,Karlovarský kraj,20300004,CZ041
395,Moravskoslezský kraj,20300006,CZ080
396,Bern / Berne,75600019,CH021
397,Neumarkt i. d. OPf.,27600307,DE236
398,Shropshire CC,82600087,UKG22
399,Roth,27600309,DE25B
400,Banskobystrický kraj,70300005,SK032
401,Liberecký kraj,20300001,CZ051
402,Pardubický kraj,20300008,CZ053
403,Cham,27600303,DE235
404,Plzeňský kraj,20300010,CZ032
405,Herzogtum Lauenburg,27600023,DEF06
406,Straubing-Bogen,27600322,DE22B
407,Jihomoravský kraj,20300013,CZ064
408,Jihočeský kraj,20300014,CZ031
409,Trnavský kraj,70300006,SK021
410,Nordfriesland,27600003,DEF07
411,Vorpommern-Rügen,27600005,DE80L
412,Plön,27600007,DEF0A
413,Ostholstein,27600008,DEF08
414,Ostalbkreis,27600329,DE11D
415,Donau-Ries,27600332,DE27D
416,South-East ,37200007,IE052
417,Sondrio,38000003,ITC44
418,Olomoucký kraj,20300009,CZ071
419,Trento,38000006,ITH20
420,Středočeský kraj,20300007,CZ020
421,Brescia,38000016,ITC47
422,Milano,38000023,ITC4C
423,"Passau, Landkreis",27600345,DE228
424,Como,38000008,ITC42
425,Vicenza,38000017,ITH32
426,Verona,38000024,ITH31
427,Valle d’Aosta/Vallée d’Aoste,38000014,ITC20
428,Venezia,38000021,ITH35
429,Groot-Rijnmond,52800030,NL33C
430,Vercelli,38000022,ITC12
431,Zuidwest-Gelderland,52800031,NL224
432,Trieste,38000015,ITH44
433,Ferrara,38000035,ITH56
434,Piacenza,38000033,ITH51
435,Torino,38000028,ITC11
436,Mantova,38000029,ITC4B
437,Padova,38000025,ITH36
438,Modena,38000038,ITH54
439,Pavia,38000030,ITC48
440,Noordoost-Noord-Brabant,52800032,NL413
441,Asti,38000032,ITC17
442,Savona,38000043,ITC32
443,Cremona,38000027,ITC4A
444,Udine,38000004,ITH42
445,Unterallgäu,27600376,DE27C
446,"Rosenheim, Kreisfreie Stadt",27600387,DE213
447,Alessandria,38000034,ITC18
448,"Mainz, Kreisfreie Stadt",27600241,DEB35
449,"Bamberg, Landkreis",27600248,DE245
450,"Frankfurt (Oder), Kreisfreie Stadt",27600070,DE403
451,Anhalt-Bitterfeld,27600106,DEE05
452,"Bayreuth, Landkreis",27600249,DE246
453,Θεσσαλονίκη,30000009,EL522
454,Ηλεία,30000042,EL633
455,Krapinsko-zagorska županija,19100004,HR064
456,Pordenone,38000005,ITH41
457,Genova,38000040,ITC33
458,Θεσπρωτία,30000022,EL542
459,Brent,82600135,UKI72
460,Cuneo,38000039,ITC16
461,"Άρτα, Πρέβεζα",30000023,EL541
462,Ευρυτανία,30000025,EL643
463,Torbay,82600178,UKK42
464,"Herne, Kreisfreie Stadt",27600120,DEA55
465,Zuidwest-Drenthe,52800010,NL133
466,Wandsworth,82600149,UKI34
467,Firenze,38000052,ITI14
468,Bologna,38000041,ITH55
469,Lambeth,82600150,UKI45
470,Ravenna,38000042,ITH57
471,Pesaro e Urbino,38000053,ITI31
472,Ancona,38000054,ITI32
473,Badajoz,72400035,ES431
474,Arezzo,38000055,ITI18
475,Powys,82600096,UKL24
476,Arr. Veurne,5600007,BE258
477,Pisa,38000056,ITI17
478,Araba/Álava,72400010,ES211
479,Eivissa y Formentera,72400040,ES531
480,Taranto,38000084,ITF43
481,East Sussex CC,82600175,UKJ22
482,La Gomera,72400054,ES706
483,Rovigo,38000031,ITH37
484,Ciudad Real,72400037,ES422
485,El Hierro,72400056,ES703
486,Macerata,38000057,ITI33
487,Valencia/València,72400036,ES523
488,La Palma,72400053,ES707
489,Steinfurt,27600081,DEA37
490,Lucca,38000047,ITI12
491,"Rostock, Kreisfreie Stadt",27600009,DE803
492,Albacete,72400039,ES421
493,Nordwestmecklenburg,27600017,DE80M
494,Stormarn,27600018,DEF0F
495,Lahn-Dill-Kreis,27600193,DE722
496,Uckermark,27600035,DE40I
497,Córdoba,72400041,ES613
498,Pistoia,38000048,ITI13
499,Huelva,72400042,ES615
500,Val-d’Oise,25000011,FR108
501,Rhône,25000062,FRK26
502,Siena,38000058,ITI19
503,IJmond,52800014,NL323
504,La Réunion,25000101,FRY40
505,Fermo,38000059,ITI35
506,Ludwigslust-Parchim,27600031,DE80O
507,Alicante/Alacant,72400043,ES521
508,Altmarkkreis Salzwedel,27600058,DEE04
509,Imperia,38000049,ITC31
510,Stendal,27600057,DEE0D
511,Grad Zagreb,19100006,HR050
512,Sömmerda,27600158,DEG0D
513,Havelland,27600061,DE408
514,Haringey and Islington,82600133,UKI43
515,Jerichower Land,27600077,DEE06
516,Σέρρες,30000005,EL526
517,Zuidoost-Drenthe,52800009,NL132
518,Zonguldak,79200025,TR811
519,Samsun,79200013,TR831
520,Hakkari,79200028,TRB24
521,Treviso,38000011,ITH34
522,"Passau, Kreisfreie Stadt",27600344,DE222
523,Bridgend and Neath Port Talbot,82600117,UKL17
524,Jaén,72400044,ES616
525,Novara,38000020,ITC15
526,Zasavska,70500006,SI035
527,Sevilla,72400045,ES618
528,Fejér,34800011,HU211
529,Kırklareli,79200032,TR213
530,Arnhem/Nijmegen,52800028,NL226
531,Melilla,72400052,ES640
532,Landsbyggð,35200001,IS002
533,Achterhoek,52800027,NL225
534,"Leipzig, Kreisfreie Stadt",27600138,DED51
535,Cagliari,38000095,ITG2F
536,Granada,72400047,ES614
537,Midden-Noord-Brabant,52800034,NL412
538,Ankara,79200048,TR510
539,Murcia,72400046,ES620
540,Aydın,79200079,TR321
541,İzmir,79200074,TR310
542,Málaga,72400049,ES617
543,Breckland and South Norfolk,82600102,UKH17
544,Југоисточен (Jugoistočen),80700006,MK004
545,San Marino,67400001,SM000
546,Erzincan,79200020,TRA12
547,South Hampshire,82600170,UKJ35
548,Almería,72400048,ES611
549,Norwich and East Norfolk,82600098,UKH15
550,Cádiz,72400050,ES612
551,Rybnicki,61600069,PL227
552,Livorno,38000060,ITI16
553,Paderborn,27600114,DEA47
554,Gorzowski,61600028,PL431
555,Przemyski,61600060,PL822
556,Wolverhampton,82600088,UKG39
557,Tenerife,72400055,ES709
558,Lanzarote,72400057,ES708
559,Tâmega e Sousa,62000007,PT11C
560,Częstochowski,61600052,PL224
561,Suffolk,82600111,UKH14
562,Gran Canaria,72400058,ES705
563,Lancaster and Wyre,82600045,UKD44
564,Darlington,82600042,UKC13
565,East Riding of Yorkshire,82600053,UKE12
566,Olpe,27600162,DEA59
567,Karaman,79200075,TR522
568,Greater Manchester North West,82600060,UKD36
569,Leeds,82600051,UKE42
570,Área Metropolitana do Porto,62000008,PT11A
571,Antalya,79200080,TR611
572,Birmingham,82600095,UKG31
573,Bursa,79200054,TR411
574,North and North East Lincolnshire,82600068,UKE13
575,Sheffield,82600071,UKE32
576,Manchester,82600066,UKD33
577,Tekirdağ,79200045,TR211
578,Gorj,64200032,RO412
579,East Derbyshire,82600076,UKF12
580,Mardin,79200049,TRC31
581,Nitriansky kraj,70300008,SK023
582,Telford and Wrekin,82600086,UKG21
583,Posavska,70500009,SI036
584,Hildesheim,27600090,DE925
585,Manisa,79200071,TR331
586,Västmanlands län,75200008,SE125
587,Perugia,38000061,ITI21
588,Sinop,79200010,TR823
589,Grosseto,38000063,ITI1A
590,Teramo,38000064,ITF12
591,Hatay,79200073,TR631
592,Miasto Kraków,61600066,PL213
593,Terni,38000065,ITI22
594,Bad Dürkheim,27600283,DEB3C
595,Zug,75600012,CH066
596,Viterbo,38000066,ITI41
597,Rieti,38000067,ITI42
598,Noord-Drenthe,52800006,NL131
599,Fuerteventura,72400059,ES704
600,Angus and Dundee City,82600008,UKM71
601,Roma,38000071,ITI43
602,Isernia,38000073,ITF21
603,Crotone,38000094,ITF62
604,Gorenjska,70500005,SI042
605,Sivas,79200030,TR722
606,Frosinone,38000075,ITI45
607,Antrim and Newtownabbey,82600028,UKN0D
608,Hartlepool and Stockton-on-Tees,82600041,UKC11
609,"Wuppertal, Kreisfreie Stadt",27600147,DEA1A
610,Sakarya,79200041,TR422
611,Foggia,38000074,ITF46
612,"Neustadt an der Weinstraße, Kreisfreie Stadt",27600295,DEB36
613,Falkirk,82600012,UKM76
614,Agglomeratie Haarlem,52800017,NL324
615,Svalbard,57800001,NO0B2
616,Hounslow and Richmond upon Thames,82600146,UKI75
617,Arr. Diksmuide,5600008,BE252
618,Appenzell Innerrhoden,75600010,CH054
619,Benevento,38000078,ITF32
620,Paris,25000015,FR101
621,"Remscheid, Kreisfreie Stadt",27600152,DEA18
622,Merzig-Wadern,27600276,DEC02
623,Lewisham and Southwark,82600151,UKI44
624,Arr. Sint-Niklaas,5600006,BE236
625,Isle of Anglesey,82600061,UKL11
626,Barnet,82600131,UKI71
627,Milton Keynes,82600110,UKJ12
628,Westminster,82600142,UKI32
629,Southampton,82600167,UKJ32
630,Barletta-Andria-Trani,38000077,ITF48
631,Avellino,38000081,ITF34
632,"Freiburg im Breisgau, Stadtkreis",27600380,DE131
633,Latina,38000076,ITI44
634,"Augsburg, Kreisfreie Stadt",27600361,DE271
635,Bexley and Greenwich,82600152,UKI51
636,Berchtesgadener Land,27600395,DE215
637,Tuttlingen,27600379,DE137
638,"Düsseldorf, Kreisfreie Stadt",27600149,DEA11
639,Unna,27600117,DEA5C
640,"Kingston upon Hull, City of",82600057,UKE11
641,Soest,27600119,DEA5B
642,Warszawski wschodni,61600026,PL912
643,Arr. Eeklo,5600003,BE233
644,Warszawski zachodni,61600029,PL913
645,Leer,27600036,DE94C
646,Arr. Mechelen,5600011,BE212
647,Arr. Tielt,5600012,BE257
648,Arr. Dendermonde,5600013,BE232
649,Napoli,38000082,ITF33
650,Siedlecki,61600025,PL925
651,Oberbergischer Kreis,27600165,DEA2A
652,Arr. Roeselare,5600014,BE256
653,"Dessau-Roßlau, Kreisfreie Stadt",27600100,DEE01
654,Coesfeld,27600096,DEA35
655,Arr. Tournai-Mouscron,5600024,BE328
656,Prahova,64200027,RO316
657,Timiş,64200026,RO424
658,Ammerland,27600039,DE946
659,Brindisi,38000083,ITF44
660,Enfield,82600129,UKI54
661,Aichach-Friedberg,27600355,DE275
662,Koniński,61600032,PL414
663,Berat,800010,AL031
664,Argeş,64200028,RO311
665,Warendorf,27600097,DEA38
666,Bialski,61600033,PL811
667,Poznański,61600030,PL418
668,Holzminden,27600098,DE926
669,Menorca,72400034,ES533
670,Ealing,82600137,UKI73
671,Bad Kreuznach,27600253,DEB14
672,Goslar,27600099,DE916
673,Skierniewicki,61600034,PL715
674,Arr. Neufchâteau,5600042,BE344
675,Alzey-Worms,27600256,DEB3B
676,Derby,82600083,UKF11
677,Arr. Arlon,5600043,BE341
678,Πέλλα,30000008,EL524
679,Leipzig,27600150,DED52
680,Vâlcea,64200030,RO415
681,Croydon,82600158,UKI62
682,Osmaniye,79200065,TR633
683,Byen København,20800006,DK011
684,West Kent,82600162,UKJ46
685,Kütahya,79200062,TR333
686,Emmendingen,27600370,DE133
687,Bornholm,20800011,DK014
688,"Trier, Kreisfreie Stadt",27600254,DEB21
689,Żyrardowski,61600035,PL926
690,Heinsberg,27600161,DEA29
691,Çorum,79200027,TR833
692,"Mönchengladbach, Kreisfreie Stadt",27600151,DEA15
693,Walsall,82600089,UKG38
694,Burdur,79200078,TR613
695,Dâmboviţa,64200031,RO313
696,Bolu,79200037,TR424
697,La Spezia,38000045,ITC34
698,Gaziantep,79200064,TRC11
699,Andorra,2000001,AD000
700,"Bournemouth, Christchurch and Poole",82600173,UKK24
701,"Kempten (Allgäu), Kreisfreie Stadt",27600393,DE273
702,Herford,27600083,DEA43
703,Balıkesir,79200061,TR221
704,Siirt,79200031,TRC34
705,Leszczyński,61600036,PL417
706,"Frankfurt am Main, Kreisfreie Stadt",27600226,DE712
707,Forchheim,27600262,DE248
708,Zielonogórski,61600039,PL432
709,Kırşehir,79200050,TR715
710,"Barnsley, Doncaster and Rotherham",82600070,UKE31
711,Kastamonu,79200015,TR821
712,Grafschaft Bentheim,27600065,DE94B
713,Kırıkkale,79200043,TR711
714,Κεντρικός Τομέας Αθηνών,30000037,EL303
715,"Köln, Kreisfreie Stadt",27600171,DEA23
716,Groß-Gerau,27600247,DE717
717,Lubelski,61600040,PL814
718,Uşak,79200070,TR334
719,Łódzki,61600037,PL712
720,"Solingen, Kreisfreie Stadt",27600153,DEA19
721,Karabük,79200024,TR812
722,Fürstenfeldbruck,27600369,DE21C
723,Puławski,61600041,PL815
724,Gümüşhane,79200011,TR906
725,Kaliski,61600042,PL416
726,Mehedinţi,64200038,RO413
727,Viersen,27600140,DEA1E
728,Denizli,79200077,TR322
729,Muş,79200017,TRB22
730,Düzce,79200033,TR423
731,Radomski,61600043,PL921
732,Kahramanmaraş,79200058,TR632
733,Βόρειος Τομέας Αθηνών,30000033,EL301
734,Wesermarsch,27600033,DE94G
735,Пиротска област,68800021,RS226
736,Bayburt,79200009,TRA13
737,Ordu,79200014,TR902
738,Pomurska,70500001,SI031
739,Innsbruck,4000027,AT332
740,Artvin,79200002,TR905
741,Vechta,27600060,DE94F
742,Bilecik,79200051,TR413
743,"Brandenburg an der Havel, Kreisfreie Stadt",27600067,DE401
744,Aksaray,79200060,TR712
745,Höfuðborgarsvæði,35200002,IS001
746,Sieradzki,61600044,PL714
747,Ağrı,79200007,TRA21
748,Rhein-Erft-Kreis,27600176,DEA27
749,Niğde,79200063,TR713
750,Neuwied,27600200,DEB18
751,Kilis,79200069,TRC13
752,Kayseri,79200052,TR721
753,Elazığ,79200034,TRB12
754,Recklinghausen,27600109,DEA36
755,Piotrkowski,61600045,PL713
756,Bingöl,79200023,TRB13
757,Yozgat,79200039,TR723
758,Lörrach,27600396,DE139
759,Erzurum,79200008,TRA11
760,Starnberg,27600381,DE21L
761,Matera,38000087,ITF52
762,Catanzaro,38000096,ITF63
763,Iğdır,79200004,TRA23
764,Potenza,38000086,ITF51
765,Adıyaman,79200053,TRC12
766,Malatya,79200046,TRB11
767,Ardahan,79200001,TRA24
768,Çankırı,79200029,TR822
769,Isparta,79200072,TR612
770,Arr. Oudenaarde,5600019,BE235
771,"Bielefeld, Kreisfreie Stadt",27600091,DEA41
772,Nuoro,38000090,ITG2E
773,Şanlıurfa,79200057,TRC21
774,Vibo Valentia,38000097,ITF64
775,Tunceli,79200026,TRB14
776,Oristano,38000091,ITG2G
777,Reggio di Calabria,38000098,ITF65
778,Val-de-Marne,25000022,FR107
779,"Salzgitter, Kreisfreie Stadt",27600086,DE912
780,Salerno,38000088,ITF35
781,Berlin,27600064,DE300
782,Dibër,800004,AL011
783,Korcë,800009,AL034
784,Berkshire,82600138,UKJ11
785,Hackney and Newham,82600140,UKI41
786,Tower Hamlets,82600143,UKI42
787,Saale-Holzland-Kreis,27600178,DEG0J
788,Devon CC,82600163,UKK43
789,Lecce,38000089,ITF45
790,Portsmouth,82600174,UKJ31
791,Gjirokastër,800011,AL033
792,Cosenza,38000092,ITF61
793,Arr. La Louvière,5600035,BE329
794,Sassari,38000085,ITG2D
795,Legnicko-głogowski,61600046,PL516
796,Arr. Brugge,5600002,BE251
797,Arr. Waremme,5600027,BE334
798,Arr. Soignies,5600028,BE32C
799,Arr. Huy,5600031,BE331
800,Arr. Charleroi,5600032,BE32B
801,Weinviertel,4000001,AT125
802,Gotha,27600180,DEG0C
803,Palermo,38000100,ITG12
804,Arr. Namur,5600033,BE352
805,Arr. Verviers — communes francophones,5600034,BE335
806,Catania,38000103,ITG17
807,Arr. Marche-en-Famenne,5600037,BE343
808,Agrigento,38000104,ITG14
809,Ahrweiler,27600205,DEB12
810,Messina,38000099,ITG13
811,Caltanissetta,38000105,ITG15
812,Hochtaunuskreis,27600216,DE718
813,West-Noord-Brabant,52800035,NL411
814,Siracusa,38000106,ITG19
815,Arr. Dinant,5600040,BE351
816,"Kiel, Kreisfreie Stadt",27600004,DEF02
817,Търговище,10000008,BG334
818,Монтана,10000011,BG312
819,Arr. Bastogne,5600041,BE342
820,Trapani,38000101,ITG11
821,Плевен,10000009,BG314
822,Ragusa,38000107,ITG18
823,Велико Търново,10000010,BG321
824,Panevėžio apskritis,44000001,LT025
825,Враца,10000012,BG313
826,Telšių apskritis,44000003,LT028
827,Enna,38000102,ITG16
828,Noord-Limburg,52800036,NL421
829,Šiaulių apskritis,44000002,LT026
830,Средњобанатска област,68800004,RS126
831,Габрово,10000013,BG322
832,Полошки (Pološki),80700004,MK006
833,Пазарджик,10000023,BG423
834,Сливен,10000016,BG342
835,Basel-Landschaft,75600004,CH032
836,Neuchâtel,75600015,CH024
837,Хасково,10000024,BG422
838,Nidwalden,75600017,CH065
839,Utenos apskritis,44000004,LT029
840,Obwalden,75600018,CH064
841,Бургас,10000015,BG341
842,Basel-Stadt,75600002,CH031
843,Schaffhausen,75600001,CH052
844,Koroška,70500002,SI033
845,Tauragės apskritis,44000006,LT027
846,Zuidoost-Noord-Brabant,52800037,NL414
847,Pinneberg,27600019,DEF09
848,Јужнобачка област,68800005,RS123
849,"Schwerin, Kreisfreie Stadt",27600020,DE804
850,Zürich,75600006,CH040
851,Harburg,27600034,DE933
852,Hamburg,27600028,DE600
853,Graubünden / Grigioni / Grischun,75600022,CH056
854,Osterholz,27600037,DE936
855,Klaipėdos apskritis,44000005,LT023
856,Schaumburg,27600075,DE928
857,Wittmund,27600022,DE94H
858,Podravska,70500003,SI032
859,"Osnabrück, Kreisfreie Stadt",27600076,DE944
860,Verden,27600049,DE93B
861,Београдска област,68800008,RS110
862,Valais / Wallis,75600026,CH012
863,Darmstadt-Dieburg,27600252,DE716
864,Kraj Vysočina,20300011,CZ063
865,Zlínský kraj,20300012,CZ072
866,"Flensburg, Kreisfreie Stadt",27600001,DEF01
867,Сремска област,68800007,RS127
868,Schleswig-Flensburg,27600002,DEF0C
869,Friesland (DE),27600030,DE94A
870,Κύπρος,19600001,CY000
871,"Neumünster, Kreisfreie Stadt",27600011,DEF04
872,Cuxhaven,27600021,DE932
873,Goriška,70500007,SI043
874,Steinburg,27600013,DEF0E
875,Landkreis Rostock,27600012,DE80K
876,"Wilhelmshaven, Kreisfreie Stadt",27600025,DE945
877,Mecklenburgische Seenplatte,27600026,DE80J
878,"Lübeck, Kreisfreie Stadt",27600015,DEF03
879,"Bremerhaven, Kreisfreie Stadt",27600027,DE502
880,Aurich,27600029,DE947
881,"Emden, Kreisfreie Stadt",27600032,DE942
882,Rotenburg (Wümme),27600038,DE937
883,Chełmsko-zamojski,61600047,PL812
884,"Oldenburg (Oldenburg), Kreisfreie Stadt",27600041,DE943
885,Vorpommern-Greifswald,27600016,DE80N
886,Kauno apskritis,44000007,LT022
887,"Bremen, Kreisfreie Stadt",27600042,DE501
888,Uelzen,27600048,DE93A
889,Lüchow-Dannenberg,27600045,DE934
890,Zeeuwsch-Vlaanderen,52800038,NL341
891,Alytaus apskritis,44000010,LT021
892,Midden-Limburg,52800039,NL422
893,"Oldenburg, Landkreis",27600047,DE94D
894,Luxembourg,44200001,LU000
895,Југозападен (Jugozapaden),80700007,MK003
896,Marijampolės apskritis,44000009,LT024
897,Cloppenburg,27600051,DE948
898,Vilniaus apskritis,44000008,LT011
899,Diepholz,27600055,DE922
900,Heidekreis,27600052,DE938
901,Emsland,27600054,DE949
902,Celle,27600056,DE931
903,Märkisch-Oderland,27600059,DE409
904,Nienburg (Weser),27600062,DE927
905,Gifhorn,27600063,DE914
906,Region Hannover,27600068,DE929
907,"Wolfsburg, Kreisfreie Stadt",27600069,DE913
908,Подунавска област,68800011,RS227
909,Браничевска област,68800009,RS222
910,Minden-Lübbecke,27600072,DEA46
911,Oder-Spree,27600073,DE40C
912,Peine,27600074,DE91A
913,"Braunschweig, Kreisfreie Stadt",27600079,DE911
914,Vidzeme,42800001,LV008
915,Helmstedt,27600080,DE917
916,Börde,27600082,DEE07
917,Wolfenbüttel,27600084,DE91B
918,Lappi,24600001,FI1D7
919,Teltow-Fläming,27600087,DE40H
920,Latgale,42800004,LV005
921,Borken,27600092,DEA34
922,Kurzeme,42800005,LV003
923,Zuid-Limburg,52800040,NL423
924,Pierīga,42800002,LV007
925,Hameln-Pyrmont,27600089,DE923
926,Борска област,68800010,RS221
927,"Magdeburg, Kreisfreie Stadt",27600085,DEE03
928,Pohjois-Pohjanmaa,24600002,FI1D9
929,Dahme-Spreewald,27600088,DE406
930,"Münster, Kreisfreie Stadt",27600094,DEA33
931,Salzlandkreis,27600101,DEE0C
932,Црна Гора (Crna Gora),49900001,ME000
933,Gütersloh,27600095,DEA42
934,Lippe,27600093,DEA45
935,Wittenberg,27600103,DEE0E
936,"Cottbus, Kreisfreie Stadt",27600102,DE402
937,Spree-Neiße,27600104,DE40G
938,Northeim,27600107,DE918
939,Североисточен (Severoistočen),80700001,MK007
940,Kielecki,61600048,PL721
941,Пелагониски (Pelagoniski),80700008,MK005
942,Kleve,27600108,DEA1B
943,Zemgale,42800006,LV009
944,"Hamm, Kreisfreie Stadt",27600111,DEA54
945,Höxter,27600110,DEA44
946,Oberspreewald-Lausitz,27600112,DE40B
947,Noord-Friesland,52800002,NL124
948,Overig Groningen,52800003,NL113
949,Wesel,27600113,DEA1F
950,Вардарски (Vardarski),80700005,MK001
951,Источен (Istočen),80700002,MK002
952,Wrocławski,61600049,PL518
953,Gozo and Comino/Għawdex u Kemmuna,47000001,MT002
954,Скопски (Skopski),80700003,MK008
955,Elbe-Elster,27600115,DE407
956,Delfzijl en omgeving,52800001,NL112
957,"Gelsenkirchen, Kreisfreie Stadt",27600118,DEA32
958,Innlandet,57800007,NO020
959,"Bottrop, Kreisfreie Stadt",27600116,DEA31
960,"Dortmund, Kreisfreie Stadt",27600124,DEA52
961,Eichsfeld,27600135,DEG06
962,Viken,57800009,NO082
963,Nordhausen,27600126,DEG07
964,Jeleniogórski,61600051,PL515
965,Oslo,57800010,NO081
966,"Bochum, Kreisfreie Stadt",27600127,DEA51
967,Vestfold og Telemark,57800011,NO091
968,Miasto Wrocław,61600050,PL514
969,Мачванска област,68800012,RS213
970,"Duisburg, Kreisfreie Stadt",27600129,DEA12
971,"Halle (Saale), Kreisfreie Stadt",27600128,DEE02
972,"Essen, Kreisfreie Stadt",27600130,DEA13
973,Opolski,61600054,PL524
974,Ennepe-Ruhr-Kreis,27600136,DEA56
975,Saalekreis,27600132,DEE0B
976,"Hagen, Kreisfreie Stadt",27600137,DEA53
977,Tarnobrzeski,61600055,PL824
978,Sosnowiecki,61600057,PL22B
979,"Kassel, Landkreis",27600133,DE734
980,Sandomiersko-jędrzejowski,61600053,PL722
981,Mettmann,27600145,DEA1C
982,Bautzen,27600139,DED2C
983,"Kassel, Kreisfreie Stadt",27600144,DE731
984,Kyffhäuserkreis,27600141,DEG0A
985,Meißen,27600146,DED2E
986,Nyski,61600058,PL523
987,Hochsauerlandkreis,27600143,DEA57
988,"Inverclyde, East Renfrewshire and Renfrewshire",82600013,UKM83
989,Märkischer Kreis,27600148,DEA58
990,"East Dunbartonshire, West Dunbartonshire and Helensburgh & Lomond",82600011,UKM81
991,Wałbrzyski,61600059,PL517
992,Поморавска област,68800015,RS215
993,Kusel,27600271,DEB3G
994,Rogaland,57800012,NO0A1
995,Waldeck-Frankenberg,27600154,DE736
996,Rzeszowski,61600061,PL823
997,Шумадијска област,68800014,RS218
998,Werra-Meißner-Kreis,27600156,DE737
999,Alto Tâmega,62000004,PT11B
1000,Rhein-Kreis Neuss,27600155,DEA1D
1001,Unstrut-Hainich-Kreis,27600157,DEG09
1002,"Bamberg, Kreisfreie Stadt",27600250,DE241
1003,Gliwicki,61600062,PL229
1004,Burgenlandkreis,27600159,DEE08
1005,"Dresden, Kreisfreie Stadt",27600160,DED21
1006,Колубарска област,68800013,RS212
1007,"Leverkusen, Kreisfreie Stadt",27600163,DEA24
1008,Düren,27600183,DEA26
1009,"Frankenthal (Pfalz), Kreisfreie Stadt",27600275,DEB31
1010,Rheinisch-Bergischer Kreis,27600164,DEA2B
1011,Traunstein,27600384,DE21M
1012,"Rosenheim, Landkreis",27600385,DE21K
1013,Tarnowski,61600064,PL217
1014,Neustadt a. d. Waldnaab,27600263,DE237
1015,"Eisenach, Kreisfreie Stadt",27600168,DEG0N
1016,Schwalm-Eder-Kreis,27600166,DE735
1017,"Erfurt, Kreisfreie Stadt",27600169,DEG01
1018,Oberallgäu,27600400,DE27E
1019,Weilheim-Schongau,27600390,DE21N
1020,Καστοριά,30000013,EL532
1021,"Weimar, Kreisfreie Stadt",27600170,DEG05
1022,Nordjylland,20800001,DK050
1023,Altenburger Land,27600173,DEG0M
1024,Nordsjælland,20800004,DK013
1025,Зајечарска област,68800016,RS223
1026,Weimarer Land,27600174,DEG0G
1027,Københavns omegn,20800005,DK012
1028,Agder,57800013,NO092
1029,Siegen-Wittgenstein,27600175,DEA5A
1030,"Jena, Kreisfreie Stadt",27600177,DEG03
1031,Østjylland,20800003,DK042
1032,"Gera, Kreisfreie Stadt",27600179,DEG02
1033,Sydjylland,20800008,DK032
1034,Hersfeld-Rotenburg,27600181,DE733
1035,Cheshire East,82600074,UKD62
1036,Fyn,20800009,DK031
1037,Rhein-Sieg-Kreis,27600186,DEA2C
1038,Städteregion Aachen,27600187,DEA2D
1039,Моравичка област,68800017,RS214
1040,Vestjylland,20800002,DK041
1041,Altenkirchen (Westerwald),27600189,DEB13
1042,Zwickau,27600188,DED45
1043,Ełcki,61600004,PL623
1044,Bytomski,61600056,PL228
1045,Flintshire and Wrexham,82600075,UKL23
1046,"Bonn, Kreisfreie Stadt",27600191,DEA22
1047,Pohjanmaa,24600007,FI195
1048,Greiz,27600190,DEG0L
1049,Ilm-Kreis,27600192,DEG0F
1050,Erzgebirgskreis,27600194,DED42
1051,Gdański,61600001,PL634
1052,Saalfeld-Rudolstadt,27600195,DEG0I
1053,Keski-Suomi,24600008,FI193
1054,Vogelsbergkreis,27600196,DE725
1055,Słupski,61600003,PL636
1056,"Suhl, Kreisfreie Stadt",27600198,DEG04
1057,Schmalkalden-Meiningen,27600197,DEG0B
1058,Solihull,82600099,UKG32
1059,Etelä-Pohjanmaa,24600009,FI194
1060,Euskirchen,27600201,DEA28
1061,Saale-Orla-Kreis,27600199,DEG0K
1062,"Gießen, Landkreis",27600202,DE721
1063,Olsztyński,61600006,PL622
1064,St. Wendel,27600274,DEC06
1065,Расинска област,68800018,RS216
1066,Etelä-Savo,24600010,FI1D1
1067,Westerwaldkreis,27600203,DEB1B
1068,Osrednjeslovenska,70500008,SI041
1069,Fulda,27600204,DE732
1070,Pirkanmaa,24600012,FI197
1071,Suwalski,61600005,PL843
1072,North Northamptonshire,82600101,UKF25
1073,Hildburghausen,27600208,DEG0E
1074,Limburg-Weilburg,27600207,DE723
1075,Sonneberg,27600209,DEG0H
1076,"Koblenz, Kreisfreie Stadt",27600210,DEB11
1077,Rhön-Grabfeld,27600211,DE266
1078,Päijät-Häme,24600013,FI1C3
1079,Wetteraukreis,27600213,DE71E
1080,Kymenlaakso,24600015,FI1C4
1081,Kronach,27600214,DE24A
1082,Kanta-Häme,24600016,FI1C2
1083,Mayen-Koblenz,27600212,DEB17
1084,Bodenseekreis,27600397,DE147
1085,"Hof, Kreisfreie Stadt",27600215,DE244
1086,Chojnicki,61600010,PL637
1087,Helsinki-Uusimaa,24600017,FI1B1
1088,"Coburg, Landkreis",27600220,DE247
1089,Rhein-Lahn-Kreis,27600219,DEB1A
1090,Main-Kinzig-Kreis,27600222,DE719
1091,"Coburg, Kreisfreie Stadt",27600221,DE243
1092,Elbląski,61600009,PL621
1093,Nord,25000002,FRE11
1094,Main-Taunus-Kreis,27600229,DE71A
1095,Bad Kissingen,27600223,DE265
1096,Bedford,82600109,UKH24
1097,Rheingau-Taunus-Kreis,27600225,DE71D
1098,Kulmbach,27600230,DE24B
1099,Ardennes,25000006,FRF21
1100,Rimini,38000050,ITH59
1101,Lichtenfels,27600228,DE24C
1102,Oise,25000007,FRE22
1103,"Wiesbaden, Kreisfreie Stadt",27600233,DE714
1104,Manche ,25000008,FRD12
1105,"Bayreuth, Kreisfreie Stadt",27600244,DE242
1106,Haßberge,27600235,DE267
1107,Somme,25000003,FRE23
1108,"Schweinfurt, Kreisfreie Stadt",27600236,DE262
1109,Calvados ,25000009,FRD11
1110,"Offenbach, Landkreis",27600237,DE71C
1111,"Schweinfurt, Landkreis",27600238,DE26B
1112,Aisne,25000005,FRE21
1113,Main-Spessart,27600240,DE26A
1114,"Aschaffenburg, Landkreis",27600239,DE264
1115,Dorset,82600168,UKK25
1116,Mainz-Bingen,27600245,DEB3J
1117,Ascoli Piceno,38000062,ITI34
1118,Eure,25000010,FRD21
1119,Świecki,61600012,PL618
1120,Hauts-de-Seine ,25000016,FR105
1121,Tirschenreuth,27600246,DE23A
1122,Нишавска област,68800019,RS225
1123,"Aschaffenburg, Kreisfreie Stadt",27600242,DE261
1124,Finistère,25000014,FRH02
1125,Bernkastel-Wittlich,27600243,DEB22
1126,"Darmstadt, Kreisfreie Stadt",27600251,DE711
1127,Yvelines ,25000017,FR103
1128,Białostocki,61600011,PL841
1129,"Würzburg, Kreisfreie Stadt",27600255,DE263
1130,Essonne,25000025,FR104
1131,"Fürth, Landkreis",27600287,DE258
1132,Miltenberg,27600257,DE269
1133,Moselle,25000019,FRF33
1134,Kitzingen,27600258,DE268
1135,Meuse ,25000020,FRF32
1136,Grudziądzki,61600013,PL616
1137,Birkenfeld,27600259,DEB15
1138,Marne,25000018,FRF23
1139,Orne,25000021,FRD13
1140,"Würzburg, Landkreis",27600261,DE26C
1141,"Weiden i. d. Opf, Kreisfreie Stadt",27600264,DE233
1142,Odenwaldkreis,27600265,DE71B
1143,Alto Minho,62000002,PT111
1144,"Worms, Kreisfreie Stadt",27600266,DEB39
1145,Seine-et-Marne ,25000024,FR102
1146,Златиборска област,68800020,RS211
1147,Donnersbergkreis,27600267,DEB3D
1148,Erlangen-Höchstadt,27600268,DE257
1149,Bergstraße,27600269,DE715
1150,Ille-et-Vilaine,25000026,FRH03
1151,"Nürnberg, Kreisfreie Stadt",27600288,DE254
1152,"Erlangen, Kreisfreie Stadt",27600270,DE252
1153,Eure-et-Loir,25000027,FRB02
1154,Neustadt a. d. Aisch-Bad Windsheim,27600272,DE25A
1155,"Mannheim, Stadtkreis",27600277,DE126
1156,Vest- og Sydsjælland,20800010,DK022
1157,Rhein-Pfalz-Kreis,27600289,DEB3I
1158,Meurthe-et-Moselle ,25000023,FRF31
1159,"Fürth, Kreisfreie Stadt",27600280,DE253
1160,Amberg-Sulzbach,27600278,DE234
1161,"Ludwigshafen am Rhein, Kreisfreie Stadt",27600281,DEB34
1162,Côtes-d’Armor,25000012,FRH01
1163,Lõuna-Eesti,23300004,EE008
1164,"Kaiserslautern, Landkreis",27600282,DEB3F
1165,Bas-Rhin,25000028,FRF11
1166,Neckar-Odenwald-Kreis,27600284,DE127
1167,Chieti,38000069,ITF14
1168,Krakowski,61600065,PL214
1169,Saarlouis,27600292,DEC04
1170,Lääne-Eesti,23300005,EE004
1171,"Amberg, Kreisfreie Stadt",27600285,DE231
1172,Έβρος,30000001,EL511
1173,Ροδόπη,30000002,EL513
1174,Kesk-Eesti,23300003,EE009
1175,Δράμα,30000003,EL514
1176,Regionalverband Saarbrücken,27600299,DEC01
1177,"Kaiserslautern, Kreisfreie Stadt",27600286,DEB32
1178,Ξάνθη,30000004,EL512
1179,Φλώρινα,30000010,EL533
1180,Ημαθία,30000011,EL521
1181,"Heidelberg, Stadtkreis",27600290,DE125
1182,Mayenne,25000029,FRG03
1183,Neunkirchen,27600291,DEC03
1184,Λάρισα,30000017,EL612
1185,Ιωάννινα,30000018,EL543
1186,Saarpfalz-Kreis,27600300,DEC05
1187,Rhein-Neckar-Kreis,27600294,DE128
1188,Oświęcimski,61600067,PL21A
1189,Essex Haven Gateway,82600123,UKH34
1190,Schwandorf,27600293,DE239
1191,Krośnieński,61600070,PL821
1192,Hohenlohekreis,27600302,DE119
1193,"Καρδίτσα, Τρίκαλα",30000019,EL611
1194,"Schwabach, Kreisfreie Stadt",27600297,DE255
1195,Tyski,61600068,PL22C
1196,"Landau in der Pfalz, Kreisfreie Stadt",27600305,DEB33
1197,Κέρκυρα,30000021,EL622
1198,"Ansbach, Kreisfreie Stadt",27600298,DE251
1199,"Speyer, Kreisfreie Stadt",27600296,DEB38
1200,Südwestpfalz,27600306,DEB3K
1201,North Lanarkshire,82600015,UKM84
1202,"Pirmasens, Kreisfreie Stadt",27600308,DEB37
1203,Χίος,30000024,EL413
1204,"Zweibrücken, Kreisfreie Stadt",27600301,DEB3A
1205,Südliche Weinstraße,27600310,DEB3H
1206,Heidenheim,27600342,DE11C
1207,"Heilbronn, Landkreis",27600311,DE118
1208,Φθιώτιδα,30000026,EL644
1209,"Ansbach, Landkreis",27600304,DE256
1210,"Karlsruhe, Landkreis",27600315,DE123
1211,Esslingen,27600343,DE113
1212,Βοιωτία,30000031,EL641
1213,"Heilbronn, Stadtkreis",27600312,DE117
1214,Λευκάδα,30000030,EL624
1215,Germersheim,27600314,DEB3E
1216,Schwäbisch Hall,27600313,DE11A
1217,"Tübingen, Landkreis",27600350,DE142
1218,Αιτωλοακαρνανία,30000028,EL631
1219,Nowosądecki,61600071,PL218
1220,Weißenburg-Gunzenhausen,27600318,DE25C
1221,Bielski,61600072,PL225
1222,"Regensburg, Kreisfreie Stadt",27600319,DE232
1223,"Karlsruhe, Stadtkreis",27600320,DE122
1224,"Regensburg, Landkreis",27600317,DE238
1225,Douro,62000009,PT11D
1226,"Ικαρία, Σάμος",30000032,EL412
1227,Freising,27600353,DE21B
1228,Rems-Murr-Kreis,27600326,DE116
1229,Łomżyński,61600015,PL842
1230,Nowotarski,61600073,PL219
1231,Enzkreis,27600323,DE12B
1232,Região de Aveiro,62000010,PT16D
1233,Eichstätt,27600325,DE219
1234,Ave,62000005,PT119
1235,"Ulm, Stadtkreis",27600358,DE144
1236,Dachau,27600362,DE217
1237,Szczeciński,61600014,PL428
1238,"Straubing, Kreisfreie Stadt",27600324,DE223
1239,Deggendorf,27600331,DE224
1240,Beiras e Serra da Estrela,62000012,PT16J
1241,Freyung-Grafenau,27600328,DE225
1242,Dingolfing-Landau,27600339,DE22C
1243,"Pforzheim, Stadtkreis",27600327,DE129
1244,Vosges,25000033,FRF34
1245,Kelheim,27600330,DE226
1246,"Stuttgart, Stadtkreis",27600333,DE111
1247,Haute-Marne,25000034,FRF24
1248,Aube,25000031,FRF22
1249,Calw,27600337,DE12A
1250,Loiret,25000035,FRB06
1251,Rastatt,27600334,DE124
1252,"Ingolstadt, Kreisfreie Stadt",27600335,DE211
1253,"Baden-Baden, Stadtkreis",27600336,DE121
1254,Região de Coimbra,62000013,PT16E
1255,Böblingen,27600338,DE112
1256,"Ιθάκη, Κεφαλληνία",30000039,EL623
1257,Göppingen,27600341,DE114
1258,Sarthe,25000032,FRG04
1259,"Λακωνία, Μεσσηνία",30000048,EL653
1260,East Ayrshire and North Ayrshire mainland,82600019,UKM93
1261,Neuburg-Schrobenhausen,27600340,DE21I
1262,Pfaffenhofen a. d. Ilm,27600346,DE21J
1263,Erding,27600363,DE21A
1264,East Lothian and Midlothian,82600018,UKM73
1265,A Coruña,72400001,ES111
1266,Dillingen a.d. Donau,27600347,DE277
1267,"Landshut, Landkreis",27600348,DE227
1268,Neu-Ulm,27600364,DE279
1269,Mid Kent,82600165,UKJ45
1270,"Landshut, Kreisfreie Stadt",27600349,DE221
1271,Região de Leiria,62000014,PT16F
1272,Rottal-Inn,27600352,DE22A
1273,Freudenstadt,27600351,DE12C
1274,Ortenaukreis,27600354,DE134
1275,Asturias,72400002,ES120
1276,Reutlingen,27600356,DE141
1277,Alb-Donau-Kreis,27600357,DE145
1278,"Augsburg, Landkreis",27600359,DE276
1279,Günzburg,27600360,DE278
1280,Lugo,72400003,ES112
1281,Mühldorf a. Inn,27600366,DE21G
1282,Altötting,27600368,DE214
1283,Bizkaia,72400006,ES213
1284,Rottweil,27600367,DE135
1285,Pontevedra,72400005,ES114
1286,Gipuzkoa,72400007,ES212
1287,Biberach,27600372,DE146
1288,Segovia,72400022,ES416
1289,Ebersberg,27600373,DE218
1290,León,72400008,ES413
1291,Beira Baixa,62000015,PT16H
1292,Landsberg am Lech,27600378,DE21E
1293,South Lanarkshire,82600020,UKM95
1294,"München, Landkreis",27600374,DE21H
1295,Ourense,72400009,ES113
1296,Sigmaringen,27600375,DE149
1297,Cantabria,72400004,ES130
1298,Palencia,72400011,ES414
1299,Schwarzwald-Baar-Kreis,27600377,DE136
1300,"Memmingen, Kreisfreie Stadt",27600382,DE274
1301,Breisgau-Hochschwarzwald,27600383,DE132
1302,Morbihan,25000030,FRH04
1303,"Kaufbeuren, Kreisfreie Stadt",27600386,DE272
1304,Konstanz,27600389,DE138
1305,Bad Tölz-Wolfratshausen,27600394,DE216
1306,Ostallgäu,27600391,DE27B
1307,Ravensburg,27600388,DE148
1308,Miesbach,27600392,DE21F
1309,Waldshut,27600398,DE13A
1310,Δυτική Αττική,30000035,EL306
1311,Médio Tejo,62000016,PT16I
1312,Νότιος Τομέας Αθηνών,30000038,EL304
1313,Yonne,25000036,FRC14
1314,"Θάσος, Καβάλα",30000006,EL515
1315,Navarra,72400012,ES220
1316,Põhja-Eesti,23300002,EE001
1317,Χαλκιδική,30000012,EL527
1318,Κιλκίς,30000007,EL523
1319,Πιερία,30000014,EL525
1320,"Λέσβος, Λήμνος",30000016,EL411
1321,"Γρεβενά, Κοζάνη",30000015,EL531
1322,Kop van Noord-Holland,52800008,NL321
1323,Φωκίδα,30000029,EL645
1324,Oeste,62000017,PT16B
1325,Lezíria do Tejo,62000018,PT185
1326,Εύβοια,30000027,EL642
1327,Ανατολική Αττική,30000034,EL305
1328,"Μαγνησία, Σποράδες",30000020,EL613
1329,Loir-et-Cher,25000038,FRB05
1330,Αχαΐα,30000040,EL632
1331,Δυτικός Τομέας Αθηνών,30000036,EL302
1332,"Armagh City, Banbridge and Craigavon",82600035,UKN07
1333,Κορινθία,30000041,EL652
1334,Alto Alentejo,62000019,PT186
1335,Λασίθι,30000049,EL432
1336,Ζάκυνθος,30000043,EL621
1337,Área Metropolitana de Lisboa,62000020,PT170
1338,Ρέθυμνο,30000050,EL433
1339,"Άνδρος, Θήρα, Κέα, Μήλος, Μύκονος, Νάξος, Πάρος, Σύρος, Τήνος",30000044,EL422
1340,Loire-Atlantique,25000037,FRG01
1341,"Αργολίδα, Αρκαδία",30000045,EL651
1342,Alentejo Central,62000021,PT187
1343,"Κάλυμνος, Κάρπαθος – Ηρωική Νήσος Κάσος, Κως, Ρόδος",30000047,EL421
1344,"Πειραιάς, Νήσοι",30000046,EL307
1345,Χανιά,30000051,EL434
1346,La Rioja,72400014,ES230
1347,Ηράκλειο,30000052,EL431
1348,West Cumbria,82600037,UKD11
1349,Burgos,72400013,ES412
1350,Bosnien und Herzegowina,7000001,BA000
1351,Brighton and Hove,82600176,UKJ21
1352,Alentejo Litoral,62000022,PT181
1353,Kainuu,24600003,FI1D8
1354,Ceuta,72400051,ES630
1355,Lodi,38000026,ITC49
1356,Keski-Pohjanmaa,24600004,FI1D5
1357,Mallorca,72400038,ES532
1358,Cuenca,72400033,ES423
1359,Pohjois-Karjala,24600005,FI1D3
1360,Pohjois-Savo,24600006,FI1D2
1361,Baixo Alentejo,62000023,PT184
1362,Forlì-Cesena,38000046,ITH58
1363,Etelä-Karjala,24600011,FI1C5
1364,Satakunta,24600014,FI196
1365,Varsinais-Suomi,24600018,FI1C1
1366,Seine-Maritime,25000004,FRD22
1367,Haut-Rhin,25000040,FRF12
1368,Åland,24600019,FI200
1369,Haute-Savoie,25000061,FRK28
1370,Seine-Saint-Denis ,25000013,FR106
1371,Flevoland,52800013,NL230
1372,Savoie,25000067,FRK27
1373,Algarve,62000024,PT150
1374,Koprivničko-križevačka županija,19100003,HR063
1375,Corse-du-Sud,25000098,FRM01
1376,Covasna,64200017,RO123
1377,Maine-et-Loire,25000039,FRG02
1378,Virovitičko-podravska županija,19100005,HR022
1379,Požeško-slavonska županija,19100010,HR023
1380,Pas-de-Calais,25000001,FRE12
1381,Bjelovarsko-bilogorska županija,19100007,HR021
1382,Osječko-baranjska županija,19100009,HR025
1383,Vukovarsko-srijemska županija,19100012,HR026
1384,Brodsko-posavska županija,19100013,HR024
1385,Komárom-Esztergom,34800006,HU212
1386,Caserta,38000079,ITF31
1387,Ličko-senjska županija,19100017,HR032
1388,Região Autónoma da Madeira,62000025,PT300
1389,Šibensko-kninska županija,19100019,HR034
1390,Zadarska županija,19100018,HR033
1391,Utrecht,52800024,NL310
1392,Dubrovačko-neretvanska županija,19100021,HR037
1393,Botoşani,64200001,RO212
1394,Budapest,34800008,HU110
1395,Borsod-Abaúj-Zemplén,34800001,HU311
1396,Jász-Nagykun-Szolnok,34800010,HU322
1397,Szabolcs-Szatmár-Bereg,34800002,HU323
1398,Békés,34800014,HU332
1399,Csongrád,34800016,HU333
1400,Zala,34800017,HU223
1401,Рашка област,68800022,RS217
1402,Veszprém,34800012,HU213
1403,Јабланичка област,68800024,RS224
1404,Border,37200001,IE041
1405,Dublin,37200005,IE061
1406,Suceava,64200002,RO215
1407,South-West ,37200008,IE053
1408,Bolzano-Bozen,38000001,ITH10
1409,Belluno,38000002,ITH33
1410,Bergamo,38000013,ITC46
1411,Parma,38000036,ITH52
1412,Verbano-Cusio-Ossola,38000007,ITC14
1413,Reggio nell’Emilia,38000037,ITH53
1414,Pescara,38000068,ITF13
1415,Massa-Carrara,38000044,ITI11
1416,L’Aquila,38000070,ITF11
1417,Overig Zeeland,52800033,NL342
1418,Trøndelag,57800005,NO060
1419,Rīga,42800003,LV006
1420,Trójmiejski,61600002,PL633
1421,Møre og Romsdal,57800006,NO0A3
1422,Miasto Szczecin,61600018,PL424
1423,Vestland,57800008,NO0A2
1424,Coventry,82600100,UKG33
1425,Koszaliński,61600007,PL426
1426,Starogardzki,61600008,PL638
1427,Miasto Warszawa,61600027,PL911
1428,Glasgow City,82600014,UKM82
1429,Região Autónoma dos Açores,62000001,PT200
1430,Iaşi,64200003,RO213
1431,"Edinburgh, City of",82600016,UKM75
1432,Terras de Trás-os-Montes,62000006,PT11E
1433,Viseu Dão Lafões,62000011,PT16G
1434,Tulcea,64200022,RO225
1435,Buzău,64200023,RO222
1436,Sud Sardegna,38000093,ITG2H
1437,Liverpool,82600062,UKD72
1438,West Lothian,82600017,UKM78
1439,Brăila,64200024,RO221
1440,East Merseyside,82600063,UKD71
1441,Västernorrlands län,75200004,SE321
1442,Hunedoara,64200025,RO423
1443,Севернобачка област,68800002,RS125
1444,Wirral,82600065,UKD74
1445,Constanţa,64200033,RO223
1446,Caraş-Severin,64200034,RO422
1447,Ialomiţa,64200029,RO315
1448,Conwy and Denbighshire,82600072,UKL13
1449,Ilfov,64200035,RO322
1450,Cheshire West and Chester,82600073,UKD63
1451,Warrington,82600067,UKD61
1452,Giurgiu,64200039,RO314
1453,Călăraşi,64200036,RO312
1454,Bucureşti,64200037,RO321
1455,Јужнобанатска област,68800006,RS122
1456,Olt,64200040,RO414
1457,Dalarnas län,75200006,SE312
1458,Teleorman,64200041,RO317
1459,Dolj,64200042,RO411
1460,Севернобанатска област,68800001,RS124
1461,Западнобачка област,68800003,RS121
1462,Norrbottens län,75200001,SE332
1463,Obalno-kraška,70500012,SI044
1464,Värmlands län,75200009,SE311
1465,Perth & Kinross and Stirling,82600009,UKM77
1466,Västerbottens län,75200002,SE331
1467,Prešovský kraj,70300001,SK041
1468,Jämtlands län,75200003,SE322
1469,Gävleborgs län,75200005,SE313
1470,Stockholms län,75200010,SE110
1471,Топличка област,68800023,RS229
1472,Örebro län,75200011,SE124
1473,Uppsala län,75200007,SE121
1474,Östergötlands län,75200013,SE123
1475,Södermanlands län,75200012,SE122
1476,Västra Götalands län,75200014,SE232
1477,Kalmar län,75200017,SE213
1478,Košický kraj,70300003,SK042
1479,Gotlands län,75200015,SE214
1480,Jönköpings län,75200016,SE211
1481,Hallands län,75200018,SE231
1482,Kronobergs län,75200019,SE212
1483,Shetland Islands,82600001,UKM66
1484,Žilinský kraj,70300002,SK031
1485,Skåne län,75200021,SE224
1486,Orkney Islands,82600002,UKM65
1487,Na h-Eileanan Siar (Western Isles),82600003,UKM64
1488,Caithness & Sutherland and Ross & Cromarty,82600004,UKM61
1489,"Inverness & Nairn and Moray, Badenoch & Strathspey",82600005,UKM62
1490,Savinjska,70500004,SI034
1491,Aberdeen City and Aberdeenshire,82600006,UKM50
1492,Scottish Borders,82600021,UKM91
1493,West,37200002,IE042
1494,Dumfries & Galloway,82600026,UKM92
1495,Tolna,34800018,HU233
1496,Northumberland,82600027,UKC21
1497,Mid Ulster,82600029,UKN0B
1498,Leicestershire CC and Rutland,82600090,UKF22
1499,Fermanagh and Omagh,82600030,UKN0G
1500,Lisburn and Castlereagh,82600032,UKN0E
1501,Ards and North Down ,82600033,UKN09
1502,"Newry, Mourne and Down",82600038,UKN08
1503,Пчињска област,68800025,RS228
1504,North Yorkshire CC,82600044,UKE22
1505,Leicester,82600091,UKF21
1506,South West Wales,82600103,UKL14
1507,Warwickshire,82600104,UKG13
1508,Central Bedfordshire,82600113,UKH25
1509,Worcestershire,82600105,UKG12
1510,"Herefordshire, County of",82600106,UKG11
1511,Blackpool,82600046,UKD42
1512,East Cumbria,82600040,UKD12
1513,North Nottinghamshire,82600077,UKF15
1514,Jan Mayen,57800002,NO0B1
1515,Kosovo (FfE-ID),104800001,XK000
1516,"Lochaber, Skye & Lochalsh, Arran & Cumbrae and Argyll & Bute",82600007,UKM63
1517,Causeway Coast and Glens,82600022,UKN0C
